人数,行人集群数,停留密度,聚集比例,活力度
7.0,3.0,0.0655430711610487,0.8571428571428571,0.5082044632158593
4.0,2.0,0.2666666666666666,1.0,0.5351291017043673
1.0,1.0,0.05,1.0,0.48260089675556384
16.0,4.0,0.5333333333333333,0.5625,0.49626044329614405
2.0,0.0,0.0869565217391304,0.0,0.02342807720361257
11.0,2.0,0.0,1.0,0.5976131102629336
8.0,0.0,0.8,0.0,0.10916522667250171
4.0,4.0,0.1666666666666666,1.0,0.5605899064100032
10.0,5.0,2.3255813953488373,1.0,0.7101784426409952
6.0,2.0,0.1265822784810126,0.6666666666666666,0.39872317186353223
3.0,1.0,0.0410958904109589,0.6666666666666666,0.35067801649205993
12.0,3.0,0.25,0.6666666666666666,0.47874916336413487
12.0,3.0,4.8,0.6666666666666666,0.6342441493107773
5.0,2.0,0.05,0.8,0.4467077914657696
11.0,4.0,0.11,0.8181818181818182,0.5473006355242482
3.0,1.0,0.05859375,1.0,0.5033509480052608
1.0,0.0,0.2,0.0,0.01706312555267024
0.0,0.0,0.0,0.0,0.0
2.0,0.0,0.0909090909090909,0.0,0.023563155156917218
17.0,7.0,0.2677165354330709,0.8823529411764706,0.686653516775354
2.0,2.0,0.0,1.0,0.5055594802238369
4.0,2.0,0.2666666666666666,1.0,0.5351291017043673
7.0,3.0,1.4,0.8571428571428571,0.5538091580282137
4.0,1.0,0.6666666666666666,0.75,0.42030364184950497
10.0,4.0,0.5,0.9,0.587728083057891
8.0,3.0,0.2531645569620253,0.75,0.4759633235130569
0.0,0.0,0.0,0.0,0.0
2.0,1.0,4.0,1.0,0.6278192305060164
5.0,2.0,0.625,1.0,0.5576032249364995
3.0,1.0,0.3,1.0,0.511600939532993
4.0,2.0,0.0449438202247191,1.0,0.527551785024908
6.0,3.0,0.2816901408450704,1.0,0.570538025453716
3.0,1.0,0.1408450704225352,0.6666666666666666,0.3540869170072444
17.0,3.0,2.125,0.5294117647058824,0.5313485772073454
7.0,2.0,0.35,0.7142857142857143,0.4383115839751868
0.0,0.0,0.0,0.0,0.0
2.0,0.0,0.0909090909090909,0.0,0.023563155156917218
3.0,1.0,0.15,1.0,0.5064747312050817
1.0,1.0,1.0,1.0,0.5150668828323354
3.0,1.0,0.0551470588235294,1.0,0.5032331582918437
4.0,2.0,0.1015228426395939,1.0,0.529485357397496
3.0,2.0,0.217391304347826,0.6666666666666666,0.37114200174815315
4.0,2.0,0.2162162162162162,0.5,0.30529255104171926
3.0,1.0,0.09375,0.6666666666666666,0.35247745605922054
7.0,3.0,0.161662817551963,1.0,0.576664306140891
3.0,1.0,0.1507537688442211,0.6666666666666666,0.35442554402303106
19.0,6.0,1.9,0.7368421052631579,0.6820679164863197
0.0,0.0,0.0,0.0,0.0
7.0,2.0,0.0,0.5714285714285714,0.3611754539145343
0.0,0.0,0.0,0.0,0.0
7.0,3.0,0.1440329218106995,0.8571428571428571,0.5108868320562376
6.0,1.0,0.075,0.8333333333333334,0.45855869687604445
3.0,1.0,0.15,1.0,0.5064747312050817
0.0,0.0,0.0,0.0,0.0
0.0,0.0,0.0,0.0,0.0
2.0,1.0,1.0,1.0,0.5252950639477905
1.0,0.0,0.2,0.0,0.01706312555267024
1.0,0.0,0.2,0.0,0.01706312555267024
7.0,3.0,0.0,1.0,0.5711395242632344
0.0,0.0,0.0,0.0,0.0
2.0,2.0,1.0,1.0,0.5397342024099122
2.0,2.0,1.0,1.0,0.5397342024099122
0.0,0.0,0.0,0.0,0.0
2.0,1.0,1.0,1.0,0.5252950639477905
9.0,4.0,0.75,1.0,0.631666066595823
2.0,1.0,0.6666666666666666,1.0,0.5139034898857654
2.0,0.0,0.0,0.0,0.020456362230910373
12.0,4.0,0.6896551724137931,0.6666666666666666,0.5082133952011689
8.0,3.0,0.7407407407407407,0.875,0.5496542092718266
6.0,2.0,0.0974025974025974,0.8333333333333334,0.47376343788064634
3.0,1.0,0.24,0.6666666666666666,0.35747550917893406
7.0,3.0,0.56,0.8571428571428571,0.5251023913919105
9.0,3.0,1.8,0.8888888888888888,0.6024187374214489
11.0,4.0,0.6365740740740741,0.8181818181818182,0.5652961582161196
6.0,2.0,1.0,0.8333333333333334,0.5046094533602857
16.0,6.0,1.28,0.875,0.6932261089532871
2.0,2.0,0.0416666666666666,1.0,0.50698342698159
7.0,2.0,0.7777777777777778,0.5714285714285714,0.38775579339259286
11.0,1.0,2.75,0.2727272727272727,0.34535457339893116
10.0,10.0,0.5,1.0,0.7199853979374893
0.0,0.0,0.0,0.0,0.0
4.0,4.0,0.1818181818181818,1.0,0.5611077052310043
2.0,2.0,0.125,1.0,0.5098313204970963
0.0,0.0,0.0,0.0,0.0
0.0,0.0,0.0,0.0,0.0
3.0,1.0,0.1428571428571428,0.6666666666666666,0.35415567902371536
0.0,0.0,0.0,0.0,0.0
10.0,1.0,0.2325581395348837,0.2,0.21591352764112537
1.0,0.0,0.0277777777777777,0.0,0.011177478953957275
0.0,0.0,0.0,0.0,0.0
2.0,1.0,0.5,1.0,0.5082077028547529
8.0,2.0,2.0,0.875,0.5782499061551332
2.0,2.0,0.2666666666666666,1.0,0.5146727394734569
6.0,6.0,0.2,1.0,0.6110637029713594
4.0,1.0,2.6666666666666665,1.0,0.6027092964888263
1.0,0.0,0.25,0.0,0.018771861661974004
12.0,3.0,6.0,0.8333333333333334,0.7512912894455149
5.0,4.0,0.1470588235294117,0.8,0.47890302671983787
3.0,3.0,1.0,1.0,0.564401521987489
2.0,1.0,1.0,1.0,0.5252950639477905
2.0,2.0,0.6666666666666666,1.0,0.5283426283478871
0.0,0.0,0.0,0.0,0.0
0.0,0.0,0.0,0.0,0.0
2.0,1.0,0.0133333333333333,1.0,0.49157600472419627
5.0,0.0,0.25,0.0,0.05968458612379475
10.0,3.0,0.5524861878453038,0.8,0.5294601613771205
0.0,0.0,0.0,0.0,0.0
8.0,2.0,0.6504065040650406,0.5,0.3610436079666656
5.0,2.0,1.0,0.4,0.29668384111506785
2.0,1.0,0.6666666666666666,1.0,0.5139034898857654
1.0,0.0,0.2,0.0,0.01706312555267024
0.0,0.0,0.0,0.0,0.0
3.0,1.0,0.06,1.0,0.503399006208335
2.0,0.0,0.1666666666666666,0.0,0.026152149261922917
0.0,0.0,0.0,0.0,0.0
0.0,0.0,0.0,0.0,0.0
2.0,1.0,0.0,1.0,0.49112034176171526
7.0,1.0,3.5,0.2857142857142857,0.3359978885126238
0.0,0.0,0.0,0.0,0.0
0.0,0.0,0.0,0.0,0.0
2.0,1.0,0.05,1.0,0.49282907787101904
2.0,1.0,0.08,1.0,0.49385431953660125
16.0,6.0,0.8121827411167513,0.9375,0.7057526366638935
2.0,0.0,2.0,0.0,0.08880580660306092
0.0,0.0,0.0,0.0,0.0
1.0,0.0,0.04,0.0,0.011595170002898197
4.0,3.0,0.2,0.75,0.43323371508691316
4.0,2.0,0.0952380952380952,0.5,0.30115815736669854
2.0,2.0,0.1111111111111111,1.0,0.5093566715778453
0.0,0.0,0.0,0.0,0.0
2.0,0.0,1.0,0.0,0.054631084416985644
3.0,1.0,1.0,0.6666666666666666,0.3834482980403513
3.0,0.0,0.1875,0.0,0.03709230375625468
4.0,3.0,2.0,0.75,0.4947482150218486
5.0,2.0,2.5,1.0,0.6216808290353907
