point_id,完整地址,组别,活力度,混合度,不配得性,样本量
12d2e13f-b840-484c-817e-e4a7149b3d0b,上海市徐汇区湖南路街道富民路291号,高活力低混合,0.5462661838496697,0.15847814737802887,0.28873590933179394,7
48f6118e-7465-4d68-bd8c-f2c1a5c8e110,上海市徐汇区湖南路街道武康路98号,双高,0.5133945880634428,0.592202366188268,-0.05076299452380973,4
01fa942c-9822-4c61-8c04-b2d7ea703e36,上海市徐汇区湖南路街道武康路57号,双高,0.6860015058204016,0.651795999550199,0.020496572192616424,16
c9e57e2f-36a8-45a4-9a9c-ea4c2195de5b,上海市徐汇区湖南路街道汾阳路64弄2号,双高,0.5801826821636926,0.6332579327731598,-0.03303628979682845,4
c83cb578-5beb-4c84-a533-d728acf5b3f6,上海市徐汇区湖南路街道新乐路144号,高活力低混合,0.8694776013147043,0.07149131485268398,0.5566076039516544,10
86003a34-c2ab-47df-a3b1-79537725a264,上海市徐汇区天平路街道太原路76号,高活力低混合,0.5893032650153738,0.4418502749626246,0.09736852012983237,12
fde1fe9a-a1bd-4a21-a5ee-de766edf70fa,上海市徐汇区天平路街道襄阳南路391号,双高,0.8662344571382199,0.8355954324425878,0.0165538262275094,12
14657945-e3e6-4814-9827-aeb986a3f236,上海市徐汇区湖南路街道安福路290号,高活力低混合,0.6521845871863455,0.3431891502977969,0.20705165519634408,11
9209acae-c532-4f49-a406-2dee79f8eb07,上海市静安区南京西路街道巨鹿路754号,高活力低混合,0.9159352674599822,0.3688456247509981,0.33623811875324383,17
b4ba696c-baa4-4a2f-9fa1-41c47401438d,上海市黄浦区瑞金二路街道南昌路354号,高活力低混合,0.5133945880634428,0.0,0.41435519925989256,4
d4084585-1ec2-4b32-a5b9-2446dd86d666,上海市黄浦区瑞金二路街道永嘉路120号,双高,0.627486568056255,0.5120156888628257,0.07359318801655787,7
dbbe4b0f-af15-48b0-a6cc-dc356f109520,上海市徐汇区天平路街道太原路45弄1号,高活力低混合,0.6854909245015915,0.40244838576335396,0.18383731508001286,10
775bfa73-8b2b-4b6f-9c49-8b02774080c8,上海市徐汇区湖南路街道东湖路30号,双高,0.5388885851554391,0.7025431290088524,-0.10106263354663124,8
33492bb2-a0a2-4355-a2f8-5c95efbde4e6,上海市徐汇区湖南路街道乌鲁木齐中路292号,高活力低混合,0.6636971046770601,0.05252990700743872,0.4578455960109,2
46651815-9389-41f8-a36c-c0fc339e1548,上海市徐汇区湖南路街道五原路58号,高活力低混合,0.555447102422838,0.3621263751052906,0.1327160401336182,5
4b8cac43-0168-4901-9a32-f7e398fbce28,上海市静安区南京西路街道富民路160号,高活力低混合,0.5912320536929049,0.05252990700743872,0.4133118913270693,6
4e2c5569-1a12-428f-a46e-0beb353bcba3,上海市黄浦区瑞金二路街道茂名南路132号,双高,0.7546259290710324,0.5856782759496925,0.10124343822598623,17
bf361379-622e-4039-9629-85b32e39fa9f,上海市徐汇区湖南路街道延庆路92号,高活力低混合,0.503343274643763,0.2510039444355211,0.1837450931638881,4
39c3420a-d46f-46a8-a4e1-82f0ceec31e8,上海市静安区南京西路街道富民路205号,高活力低混合,0.6041696258755467,0.2792862515987317,0.2263039491782817,7
3272ac91-a189-4a76-9764-b98f5dce72c3,上海市黄浦区天平路街道南昌路205弄2号,高活力低混合,0.9663110057769781,0.4684723627195898,0.29193654996478935,19
dffa318a-c676-43e7-b0b9-2841bc2eecd0,上海市徐汇区湖南路街道延庆路185号,高活力低混合,0.5510433899837253,0.3060973740476668,0.17188427222227332,7
fde40c51-5a33-46e5-b9ae-44718563727f,上海市徐汇区湖南路街道武康路98号,高活力低混合,0.5175423568343507,0.0,0.4170921558086658,2
3e7b5e21-fbdc-4e5a-be78-529349ad84b9,上海市徐汇区湖南路街道武康路100弄,高活力低混合,0.5175423568343507,0.1799467412964415,0.2516228528442256,2
93b2c7f9-7391-4d3b-b5bf-ed311a5a716a,上海市徐汇区湖南路街道武康路137号,高活力低混合,0.7169012560525865,0.17707211760599118,0.37749097188886266,9
38f7a281-6dce-4def-8c67-954e66f3e78e,上海市徐汇区湖南路街道新乐路9号,双高,0.6524996836315798,0.7069628596410004,-0.032426584600724506,12
3ac9c277-c93c-49aa-a8b7-4d6f97e8045d,上海市徐汇区湖南路街道新乐路82号,高活力低混合,0.6141109798652876,0.4510025799117946,0.10652957631924591,8
9318d207-8344-4a78-8140-7f4cfc6d95fd,上海市徐汇区湖南路街道长乐路411号,高活力低混合,0.5763608095104988,0.3282288123035796,0.17127257064370313,7
76083051-dd24-4bec-921e-a67ecefe27b8,上海市黄浦区瑞金二路街道茂名南路72号,高活力低混合,0.7038853773117049,0.23137415837969488,0.32478041159537985,9
37d63a1c-5506-4021-befc-89f70f3bb4fe,上海市黄浦区瑞金二路街道南昌路209弄2号,高活力低混合,0.6842339907191625,0.21533563520920515,0.32629057391075283,11
94b6647d-487b-4e56-b9e5-1c9910b9d618,上海市黄浦区瑞金二路街道绍兴路8号,双高,0.5377852718141078,0.585319282026614,-0.030442580676453338,6
e653c3ca-39b3-45ac-a63b-88aa3abe83fe,上海市黄浦区瑞金二路街道绍兴路19号,高活力低混合,0.9181875152159996,0.3921743441101331,0.3205139364220527,16
e542b6c7-ea0c-4245-8295-c23197d210c0,上海市徐汇区天平路街道复兴中路1265号,双高,0.5048051819239253,0.585929367373245,-0.05250714455212824,11
b6ad2b33-b097-4a87-9ae2-7bed8de337f1,上海市徐汇区天平路街道嘉善路25号,高活力低混合,0.9405516532465307,0.2438150853438393,0.44478895195072504,10
5814f066-ee61-4e5b-9033-89b0232a331b,上海市徐汇区天平路街道襄阳南路174号,高活力低混合,0.6543172862771972,0.17598647651066998,0.34128105803180714,8
d5c6807b-194a-464b-a3af-03183a64fb34,上海市徐汇区天平路街道襄阳南路226号,高活力低混合,0.6955718059926242,0.06960271568840778,0.4607327468332882,6
27cc52b0-853c-4136-8970-8001bf8769cd,上海市徐汇区天平路街道襄阳南路267号,高活力低混合,0.6230309369448979,0.11905062813640381,0.37181467753509667,4
9738dcc8-6fd7-4ac8-b2dd-041caecc0930,上海市徐汇区天平路街道襄阳南路284号,高活力低混合,1,0.3915020484252192,0.362763406478608,12
4f865d30-6ff5-4e21-bdaa-8196a9577f7a,上海市徐汇区天平路街道襄阳南路338号,高活力低混合,0.5263576914855642,0.4348021366686236,0.06185734763535788,5
906ba4cb-451c-4d6f-b70a-9037c42c1faa,上海市徐汇区天平路街道襄阳南路344号,高活力低混合,0.5742225187776706,0.0,0.45376151152649713,3
f520c43b-4172-470a-a120-a0a957e6c7ca,上海市徐汇区湖南路街道华亭路2号,双高,0.6158109498206162,0.5066985545419055,0.06991609728727752,10
9d0ec278-66d9-4854-af2c-2f67b6af4d23,上海市徐汇区湖南路街道东湖路56弄26号,高活力低混合,0.9124875657334613,0.2271495009376756,0.4437107841585901,16
91342201-064c-47a9-9221-0d66e4713c4f,上海市徐汇区天平路街道永康路51号,高活力低混合,0.5642363146172782,0.2959133443451786,0.1881819952484288,4
9d840c75-8af1-4cad-b9fe-71aff5149040,上海市徐汇区天平路街道永康路85号,高活力低混合,0.669567099176758,0.07219280948873623,0.4428584647014617,5
