人数,行人集群数,停留密度,聚集比例,活力度,混合度
7.0,3.0,0.0655430711610487,0.8571428571428571,0.5082044632158593,0.5116040859997553
4.0,2.0,0.2666666666666666,1.0,0.5351291017043673,0.5322787843131247
1.0,1.0,0.05,1.0,0.4826008967555638,0.4730507129609516
16.0,4.0,0.5333333333333333,0.5625,0.496260443296144,0.5201541603165662
2.0,0.0,0.0869565217391304,0.0,0.0234280772036125,0.02682256782389506
11.0,2.0,0.0,1.0,0.5976131102629336,0.6036014409714505
8.0,0.0,0.8,0.0,0.1091652266725017,0.12515213725064572
4.0,4.0,0.1666666666666666,1.0,0.5605899064100032,0.5595043043164513
10.0,5.0,2.3255813953488373,1.0,0.7101784426409952,0.7305368443702894
6.0,2.0,0.1265822784810126,0.6666666666666666,0.3987231718635322,0.4022014239636592
3.0,1.0,0.0410958904109589,0.6666666666666666,0.3506780164920599,0.3481552626789418
12.0,3.0,0.25,0.6666666666666666,0.4787491633641348,0.4928273469060196
12.0,3.0,4.8,0.6666666666666666,0.6342441493107773,0.6725623730788655
5.0,2.0,0.05,0.8,0.4467077914657696,0.4466549831832812
11.0,4.0,0.11,0.8181818181818182,0.5473006355242482,0.5584326172115874
3.0,1.0,0.05859375,1.0,0.5033509480052608,0.49677777862451494
1.0,0.0,0.2,0.0,0.0170631255526702,0.019594237511777867
0.0,0.0,0.0,0.0,0.0,0.0
2.0,0.0,0.0909090909090909,0.0,0.0235631551569172,0.026978703015809978
17.0,7.0,0.2677165354330709,0.8823529411764706,0.686653516775354,0.710067914480325
2.0,2.0,0.0,1.0,0.5055594802238369,0.4983572697634985
4.0,2.0,0.2666666666666666,1.0,0.5351291017043673,0.5322787843131247
7.0,3.0,1.4,0.8571428571428571,0.5538091580282137,0.5643180752374265
4.0,1.0,0.6666666666666666,0.75,0.4203036418495049,0.42154331160478703
10.0,4.0,0.5,0.9,0.587728083057891,0.5984550927262807
8.0,3.0,0.2531645569620253,0.75,0.4759633235130569,0.4831599946593388
0.0,0.0,0.0,0.0,0.0,0.0
2.0,1.0,4.0,1.0,0.6278192305060164,0.640778213801998
5.0,2.0,0.625,1.0,0.5576032249364995,0.5581275373876938
3.0,1.0,0.3,1.0,0.511600939532993,0.5063138574513366
4.0,2.0,0.0449438202247191,1.0,0.527551785024908,0.523520243300298
6.0,3.0,0.2816901408450704,1.0,0.570538025453716,0.5718477084293694
3.0,1.0,0.1408450704225352,0.6666666666666666,0.3540869170072444,0.3520955750921508
17.0,3.0,2.125,0.5294117647058824,0.5313485772073454,0.5644500694256461
7.0,2.0,0.35,0.7142857142857143,0.4383115839751868,0.4438537576397077
0.0,0.0,0.0,0.0,0.0,0.0
2.0,0.0,0.0909090909090909,0.0,0.0235631551569172,0.026978703015809978
3.0,1.0,0.15,1.0,0.5064747312050817,0.5003885269181658
1.0,1.0,1.0,1.0,0.5150668828323354,0.5105778063376997
3.0,1.0,0.0551470588235294,1.0,0.5032331582918437,0.4966416267280726
4.0,2.0,0.1015228426395939,1.0,0.529485357397496,0.5257552393606434
3.0,2.0,0.217391304347826,0.6666666666666666,0.3711420017481531,0.3707071901853827
4.0,2.0,0.2162162162162162,0.5,0.3052925510417192,0.3083889124485374
3.0,1.0,0.09375,0.6666666666666666,0.3524774560592205,0.3502352160339076
7.0,3.0,0.161662817551963,1.0,0.576664306140891,0.5788001614734302
3.0,1.0,0.1507537688442211,0.6666666666666666,0.354425544023031,0.35248699051416404
19.0,6.0,1.9,0.7368421052631579,0.6820679164863197,0.7177696050066789
0.0,0.0,0.0,0.0,0.0,0.0
7.0,2.0,0.0,0.5714285714285714,0.3611754539145343,0.36662885270950585
0.0,0.0,0.0,0.0,0.0,0.0
7.0,3.0,0.1440329218106995,0.8571428571428571,0.5108868320562376,0.5147046080570779
6.0,1.0,0.075,0.8333333333333334,0.4585586968760444,0.45854159608707157
3.0,1.0,0.15,1.0,0.5064747312050817,0.5003885269181658
0.0,0.0,0.0,0.0,0.0,0.0
0.0,0.0,0.0,0.0,0.0,0.0
2.0,1.0,1.0,1.0,0.5252950639477905,0.5222716031385831
1.0,0.0,0.2,0.0,0.0170631255526702,0.019594237511777867
1.0,0.0,0.2,0.0,0.0170631255526702,0.019594237511777867
7.0,3.0,0.0,1.0,0.5711395242632344,0.5724141239473031
0.0,0.0,0.0,0.0,0.0,0.0
2.0,2.0,1.0,1.0,0.5397342024099122,0.53785947331797
2.0,2.0,1.0,1.0,0.5397342024099122,0.53785947331797
0.0,0.0,0.0,0.0,0.0,0.0
2.0,1.0,1.0,1.0,0.5252950639477905,0.5222716031385831
9.0,4.0,0.75,1.0,0.631666066595823,0.6410162403943108
2.0,1.0,0.6666666666666666,1.0,0.5139034898857654,0.5091042019537593
2.0,0.0,0.0,0.0,0.0204563622309103,0.023387593601767093
12.0,4.0,0.6896551724137931,0.6666666666666666,0.5082133952011689,0.5257825651998724
8.0,3.0,0.7407407407407407,0.875,0.5496542092718266,0.5578945702946477
6.0,2.0,0.0974025974025974,0.8333333333333334,0.4737634378806463,0.4750144182292047
3.0,1.0,0.24,0.6666666666666666,0.357475509178934,0.35601241330374905
7.0,3.0,0.56,0.8571428571428571,0.5251023913919105,0.5311362242516704
9.0,3.0,1.8,0.8888888888888888,0.6024187374214489,0.6175952466356793
11.0,4.0,0.6365740740740741,0.8181818181818182,0.5652961582161196,0.5792334534721689
6.0,2.0,1.0,0.8333333333333334,0.5046094533602857,0.5106690045543447
16.0,6.0,1.28,0.875,0.6932261089532871,0.7195104842677698
2.0,2.0,0.0416666666666666,1.0,0.50698342698159,0.5000031949116014
7.0,2.0,0.7777777777777778,0.5714285714285714,0.3877557933925928,0.3973527888074282
11.0,1.0,2.75,0.2727272727272727,0.3453545733989311,0.3738854045283459
10.0,10.0,0.5,1.0,0.7199853979374893,0.7363617073828977
0.0,0.0,0.0,0.0,0.0,0.0
4.0,4.0,0.1818181818181818,1.0,0.5611077052310043,0.5601028225521251
2.0,2.0,0.125,1.0,0.5098313204970963,0.5032950452078074
0.0,0.0,0.0,0.0,0.0,0.0
0.0,0.0,0.0,0.0,0.0,0.0
3.0,1.0,0.1428571428571428,0.6666666666666666,0.3541556790237153,0.352175056387029
0.0,0.0,0.0,0.0,0.0,0.0
10.0,1.0,0.2325581395348837,0.2,0.2159135276411253,0.23047118431497013
1.0,0.0,0.0277777777777777,0.0,0.0111774789539572,0.01279108023295219
0.0,0.0,0.0,0.0,0.0,0.0
2.0,1.0,0.5,1.0,0.5082077028547529,0.5025205013613474
8.0,2.0,2.0,0.875,0.5782499061551332,0.5920502157023733
2.0,2.0,0.2666666666666666,1.0,0.5146727394734569,0.5088911907113576
6.0,6.0,0.2,1.0,0.6110637029713594,0.6153843783954744
4.0,1.0,2.6666666666666665,1.0,0.6027092964888263,0.6114962026644697
1.0,0.0,0.25,0.0,0.018771861661974,0.02156934768950145
12.0,3.0,6.0,0.8333333333333334,0.7512912894455149,0.7939306733113909
5.0,4.0,0.1470588235294117,0.8,0.4789030267198378,0.4816647609458713
3.0,3.0,1.0,1.0,0.564401521987489,0.5651411402982405
2.0,1.0,1.0,1.0,0.5252950639477905,0.5222716031385831
2.0,2.0,0.6666666666666666,1.0,0.5283426283478871,0.5246920721331462
0.0,0.0,0.0,0.0,0.0,0.0
0.0,0.0,0.0,0.0,0.0,0.0
2.0,1.0,0.0133333333333333,1.0,0.4915760047241962,0.48329609563150455
5.0,0.0,0.25,0.0,0.0596845861237947,0.06834453489303567
10.0,3.0,0.5524861878453038,0.8,0.5294601613771205,0.5405611490426615
0.0,0.0,0.0,0.0,0.0,0.0
8.0,2.0,0.6504065040650406,0.5,0.3610436079666656,0.3723155727840505
5.0,2.0,1.0,0.4,0.2966838411150678,0.30666450223884617
2.0,1.0,0.6666666666666666,1.0,0.5139034898857654,0.5091042019537593
1.0,0.0,0.2,0.0,0.0170631255526702,0.019594237511777867
0.0,0.0,0.0,0.0,0.0,0.0
3.0,1.0,0.06,1.0,0.503399006208335,0.49683332859826346
2.0,0.0,0.1666666666666666,0.0,0.0261521492619229,0.029971294194179036
0.0,0.0,0.0,0.0,0.0,0.0
0.0,0.0,0.0,0.0,0.0,0.0
2.0,1.0,0.0,1.0,0.4911203417617152,0.4827693995841115
7.0,1.0,3.5,0.2857142857142857,0.3359978885126238,0.362500427598496
0.0,0.0,0.0,0.0,0.0,0.0
0.0,0.0,0.0,0.0,0.0,0.0
2.0,1.0,0.05,1.0,0.492829077871019,0.48474450976183514
2.0,1.0,0.08,1.0,0.4938543195366012,0.4859295758684693
16.0,6.0,0.8121827411167513,0.9375,0.7057526366638935,0.7287677926687536
2.0,0.0,2.0,0.0,0.0888058066030609,0.10239200071071028
0.0,0.0,0.0,0.0,0.0,0.0
1.0,0.0,0.04,0.0,0.0115951700028981,0.013273884943062397
4.0,3.0,0.2,0.75,0.4332337150869131,0.4342846903048073
4.0,2.0,0.0952380952380952,0.5,0.3011581573666985,0.30361001008802213
2.0,2.0,0.1111111111111111,1.0,0.5093566715778453,0.502746403491773
0.0,0.0,0.0,0.0,0.0,0.0
2.0,0.0,1.0,0.0,0.0546310844169856,0.06288979715623869
3.0,1.0,1.0,0.6666666666666666,0.3834482980403513,0.3860340880051475
3.0,0.0,0.1875,0.0,0.0370923037562546,0.04248805356911407
4.0,3.0,2.0,0.75,0.4947482150218486,0.5053886567028563
5.0,2.0,2.5,1.0,0.6216808290353907,0.6321941690523282
