年龄混合度,活动丰富度,姿态丰富度,社交状态混合度,身份倾向混合度,混合度
0.0,0.2801852553855322,0.0,0.5916727785823274,0.6945586406095402,0.3360967316202913
0.75,0.5579943697173448,1.0,0.0,0.8338762850937339,0.6340809665584295
0.0,0.7332729733971327,0.0,0.0,0.6633728471522815,0.25812939166305404
0.7092822215997983,0.457399640062235,0.8960382325345574,0.9886994082884974,0.4598130184330752,0.7257841069950954
0.0,0.0,0.0,0.0,0.9992675824686132,0.2328453876958196
0.3420192178195208,0.0,0.0,0.0,0.9865488929530056,0.2807114346459425
0.0,0.3366807583476677,0.0,0.0,0.3439773663383984,0.12769833238863948
0.75,0.5811050828133786,1.0,0.0,0.7975181511937129,0.6288726345073068
0.0,0.4989790768778122,0.0,0.0,0.3167440393209569,0.1442723118520685
0.325011210824177,0.3559859147087442,0.0,0.9182958340544894,0.7717383389152789,0.48743840082495893
0.4591479170272447,0.3559859147087442,0.0,0.9182958340544894,0.9634063080848104,0.5520350448590976
0.603759374819711,0.3816143508740156,0.4138168503036338,0.9182958340544894,0.3609085859363103,0.5400065776515364
0.75,0.8255240193441332,1.0,0.9182958340544894,0.9923738600630072,0.9178305892224763
0.3609640474436811,0.7226224014073106,0.0,0.7219280948873623,0.592962532956356,0.4582001512454029
0.0,0.4855954687078665,0.6840384356390417,0.6840384356390417,0.7084042073707029,0.5600325080019558
0.0,0.0,0.0,0.0,0.1653370598053885,0.038526189047148246
0.0,0.0,0.0,0.0,0.7259289930319007,0.16915310852432064
0.0,0.0,0.0,0.0,0.0,0.0
0.5,0.3666364866985663,0.0,0.0,0.9265041753041198,0.3419750402206748
0.320103216680235,0.6686519922890752,0.5225593745369408,0.5225593745369408,0.8311225883258554,0.5850024385263295
0.0,0.3666364866985663,0.0,0.0,0.9486362981974186,0.2728239203529438
0.0,0.0,0.0,0.0,0.9990670585534612,0.23279866240463132
0.7244078178625923,0.3612205823921752,0.0,0.5916727785823274,0.9896200845827344,0.5239535687604009
1.0,0.3559859147087442,0.8112781244591328,0.8112781244591328,0.9658170152789975,0.8110389519718915
0.5783898247235197,0.692179806992562,0.0,0.4689955935892811,0.6259286240386651,0.4363193603550799
0.5,0.5446294440529384,1.0,0.8112781244591328,0.9304579140819144,0.8022200823772266
0.0,0.0,0.0,0.0,0.0,0.0
0.0,0.3666364866985663,0.0,0.0,0.5275230968798514,0.17469778442608705
0.4854752972273344,0.494441528198206,0.0,0.0,0.9764203073483516,0.36949632792597964
0.0,0.0,0.9182958340544894,0.0,0.1653370598053885,0.2676520246050461
0.0,0.3366807583476677,0.0,0.0,0.5330428716634853,0.17175363014839506
0.0,0.3666364866985663,0.0,0.0,0.8921642832488278,0.25966503433946525
0.0,0.5579943697173448,0.9182958340544894,0.9182958340544894,1.0,0.7499784832195424
0.4887089087640858,0.7931574666298086,0.8739810481273579,0.9975025463691152,0.907816794125914,0.841311461111467
0.6893917467430878,0.4944415281982061,0.9852281360342516,0.8631205685666311,0.8528228252175852,0.8133044760456255
0.0,0.0,0.0,0.0,0.0,0.0
0.0,0.0,0.0,0.0,0.9992675824686132,0.2328453876958196
0.792481250360578,0.5724215263110235,0.9182958340544894,0.0,0.9946143741673634,0.6595001710746632
0.0,0.0,0.0,0.0,0.7259289930319007,0.16915310852432064
0.0,0.3666364866985663,0.9182958340544894,0.0,0.6222742898508344,0.4259021689622942
0.0,0.3559859147087442,1.0,0.0,0.9238238695966944,0.5150501574260997
0.0,0.7033172450462342,0.9182958340544894,0.9182958340544894,0.6954178295565672,0.6995284564779872
0.4056390622295664,0.5579943697173448,0.0,1.0,0.7687505304370182,0.5458512302850342
0.0,0.3559859147087442,0.0,0.9182958340544894,0.8603556316921056,0.45978561761949166
0.0,0.5740047014868306,0.9852281360342516,0.0,0.8207492347593244,0.5181349863850188
0.4591479170272447,0.3559859147087442,0.0,0.9182958340544894,0.9033810737579748,0.5380482016915885
0.2427303803729567,0.6773316222721729,0.2974722489192897,0.8314743880097293,0.7420271664750689,0.5681266653185044
0.0,0.0,0.0,0.0,0.0,0.0
0.4315602842833155,0.6754804281338034,0.0,0.9852281360342516,0.9790488458654948,0.6119352279591872
0.0,0.0,0.0,0.0,0.0,0.0
0.4315602842833155,0.7080833163221043,0.0,0.5916727785823274,0.796754219542621,0.4844747286552623
0.0,0.6570841492897952,0.0,0.6500224216483541,0.6686658150892998,0.3965714211071347
0.4591479170272447,0.0,0.0,0.0,0.924674425010252,0.2837009499782157
0.0,0.0,0.0,0.0,0.0,0.0
0.0,0.0,0.0,0.0,0.0,0.0
0.0,0.3666364866985663,0.0,0.0,0.5275230968798514,0.17469778442608705
0.0,0.3666364866985663,0.0,0.0,0.9250156669295828,0.2673199340917343
0.0,0.0,0.0,0.0,0.5525455928479989,0.1287519930031853
0.0,0.5724215263110234,0.8631205685666311,0.0,0.5860133968795895,0.43274688778469866
0.0,0.0,0.0,0.0,0.0,0.0
0.0,0.0,0.0,0.0,0.8338762850937339,0.1943065604243185
0.5,0.5579943697173448,0.0,0.0,0.990992501191544,0.38402543127038624
0.0,0.0,0.0,0.0,0.0,0.0
0.0,0.0,0.0,0.0,0.1653370598053885,0.038526189047148246
0.3821022532543101,0.0,0.5032583347756457,0.0,0.1978484833564584,0.2284575762210411
0.0,0.0,0.0,0.0,0.1653370598053885,0.038526189047148246
0.0,0.3666364866985663,0.0,0.0,0.7259289930319007,0.22092954318737112
0.6625056054120886,0.8681199263487396,0.9182958340544894,0.9182958340544894,0.910344682156174,0.8713425887111631
0.4056390622295664,0.6903237321511448,0.0,0.5435644431995964,0.8910059171568907,0.4891253981831739
0.0,0.3644477444081442,0.0,0.6500224216483541,0.5806223504751438,0.33472974346187334
0.4591479170272447,0.5579943697173448,0.9182958340544894,0.9182958340544894,0.8988862475921093,0.7946543211505375
0.6893917467430878,0.5026405093881708,0.0,0.5916727785823274,0.9852104809731468,0.5376934273809728
0.2516291673878228,0.5611345972461129,0.0,0.5032583347756457,0.7459309287650085,0.40501298758772747
0.0,0.548091794415963,0.0,0.6840384356390417,0.4097046774516856,0.3285806566337184
0.325011210824177,0.5349768658724002,0.9182958340544894,0.6500224216483541,0.5906642307679659,0.6385796697923697
0.0,0.7276473997533619,0.8960382325345574,0.5435644431995964,0.7460815240680729,0.6239141706818283
0.0,0.5811050828133786,0.0,0.0,0.6495402049324533,0.23341700200992654
0.4926140680171257,1.0,0.8631205685666311,0.9852281360342516,0.9375398370045712,0.8725241882994579
0.4226754683112182,0.7511210608211583,0.4394969869215133,0.8453509366224364,0.9836799071343884,0.7001946664407255
0.2344977967946405,0.3666364866985663,0.7219280948873623,0.0,0.2389988979417041,0.32244698794135895
0.0,0.0,0.0,0.0,0.9781344076908024,0.22792101872727313
0.75,0.5611345972461129,0.0,0.0,0.9781344076908024,0.4186268821572871
0.0,0.0,0.0,0.0,0.7259289930319007,0.16915310852432064
0.0,0.0,0.0,0.0,0.0,0.0
0.0,0.0,0.0,0.0,0.0,0.0
0.4591479170272447,0.3559859147087442,0.0,0.9182958340544894,0.8953237895826065,0.5361707251372563
0.0,0.0,0.0,0.0,0.0,0.0
0.3609640474436811,0.575967806727884,0.0,0.7219280948873623,0.881095866208142,0.5046292693567391
0.0,0.0,0.0,0.0,0.9992675824686132,0.2328453876958196
0.0,0.0,0.0,0.0,0.0,0.0
0.0,0.3666364866985663,0.0,0.0,0.979926626580161,0.2801150691615643
0.0,0.4695411301803093,0.0,0.5435644431995964,0.9993801591297928,0.42291473351480857
0.0,0.0,0.0,0.0,0.9992675824686132,0.2328453876958196
0.0,0.4857974551727896,0.0,0.0,0.8462343655229738,0.26579054793040535
0.4056390622295664,0.2646851803584917,0.0,0.0,0.9185573803633764,0.3117021434505375
0.0,0.0,0.0,0.0,0.5525455928479989,0.1287519930031853
0.0,0.6926666730564119,0.8112781244591328,0.6500224216483541,0.524960696612627,0.5705344207311471
0.3609640474436811,0.5153585673421157,0.0,0.7219280948873623,0.9534538703502642,0.5129306041186301
0.0,0.0,0.0,0.0,0.7259289930319007,0.16915310852432064
0.0,0.0,0.0,0.0,0.2741618268187578,0.06388410669672948
0.0,0.0,0.0,0.0,0.7259289930319007,0.16915310852432064
0.0,0.0,0.0,0.0,0.0,0.0
0.0,0.0,0.0,0.0,0.0,0.0
0.0,0.0,0.0,0.0,0.1653370598053885,0.038526189047148246
0.3609640474436811,0.7240841468899202,0.9709505944546688,0.0,0.7633788318984882,0.5760437955119878
0.4609640474436812,0.575967806727884,0.4689955935892811,0.7219280948873623,0.4536457542036606,0.5369082147829982
0.0,0.0,0.0,0.0,0.0,0.0
0.2717822215997982,0.7776184011117091,0.5435644431995964,1.0,0.6838545690812845,0.6728169489478385
0.3609640474436811,0.5349768658724002,0.7219280948873623,0.9709505944546688,0.7854858383682064,0.7133779024534759
0.0,0.0,0.0,0.0,0.7259289930319007,0.16915310852432064
0.0,0.0,0.0,0.0,0.3441085397792628,0.08018281365278003
0.0,0.0,0.0,0.0,0.0,0.0
0.0,0.0,0.0,0.0,0.7259289930319007,0.16915310852432064
0.0,0.0,0.0,0.0,0.9992675824686132,0.2328453876958196
0.0,0.0,0.0,0.0,0.0,0.0
0.0,0.0,0.0,0.0,0.0,0.0
0.0,0.0,0.0,0.0,0.1653370598053885,0.038526189047148246
0.2958363892911637,0.6986768106913989,0.5916727785823274,0.8631205685666311,0.5397709133450106,0.6125148644018721
0.0,0.0,0.0,0.0,0.0,0.0
0.0,0.0,0.0,0.0,0.0,0.0
0.0,0.7332729733971327,0.0,0.0,0.6792906615526236,0.26183849794283687
0.0,0.0,0.0,0.0,0.7259289930319007,0.16915310852432064
0.7098683589017414,0.1236628450227873,0.0,0.3372900666170139,0.919011667212299,0.4138854520357847
0.5,0.5579943697173448,0.0,0.0,0.8394842256574677,0.34872157094830364
0.0,0.0,0.0,0.0,0.0,0.0
0.0,0.0,0.0,0.0,0.9992675824686132,0.2328453876958196
0.4056390622295664,0.5153585673421157,0.0,0.8112781244591328,0.902265767212389,0.5279816239431858
0.4056390622295664,0.5026405093881708,0.8112781244591328,1.0,0.6699516871319311,0.7174360692869765
0.0,0.0,0.0,0.0,0.3590004035162843,0.08365285695869204
0.0,0.0,0.0,0.0,0.0,0.0
0.5,0.5499547300478494,0.0,0.0,0.7605997099007744,0.32920485389231446
0.0,0.0,0.0,0.9182958340544894,0.3590004035162843,0.2926894413156007
0.4591479170272447,0.3366807583476677,0.9182958340544894,0.0,0.8258008785761113,0.5373337462791026
0.4056390622295664,0.3666364866985663,0.0,0.8112781244591328,0.7812893324029171,0.4787896282272638
0.3609640474436811,0.0,0.0,0.0,0.8232090100154608,0.24546613451167368
